filename,width,height,class,xmin,ymin,xmax,ymax
5766016389_b6c724c412_n.jpg,320,213,egg,103,67,184,127
16559129353_3437db85b8_m.jpg,183,240,egg,70,107,91,139
16559129353_3437db85b8_m.jpg,183,240,egg,89,102,115,129
16559129353_3437db85b8_m.jpg,183,240,egg,80,134,107,161
4670267777_8b4dc37036_n.jpg,320,240,egg,159,117,236,176
4782183732_0ce56a8eb4_n.jpg,320,240,egg,86,74,155,158
4782183732_0ce56a8eb4_n.jpg,320,240,egg,153,94,237,174
4782183732_0ce56a8eb4_n.jpg,320,240,egg,126,47,213,110
snap0001-0000000680lfff.png,1280,720,egg,450,181,540,263
snap0001-0000000680lfff.png,1280,720,egg,534,207,603,280
snap0001-0000000680lfff.png,1280,720,egg,572,280,662,351
snap0001-0000000680lfff.png,1280,720,egg,500,308,583,385
snap0001-0000000680lfff.png,1280,720,egg,438,254,532,344
images (3).jpg,300,168,egg,91,33,135,83
images (3).jpg,300,168,egg,134,29,173,73
images (3).jpg,300,168,egg,117,69,160,112
images (3).jpg,300,168,egg,145,93,192,137
images (3).jpg,300,168,egg,160,60,207,97
4443916252_e41bf7e968_n.jpg,320,240,egg,104,61,174,135
4443916252_e41bf7e968_n.jpg,320,240,egg,132,122,215,186
snap0001-0000000670.png,1280,720,egg,511,267,599,361
snap0001-0000000670.png,1280,720,egg,591,226,707,309
snap0001-0000000670.png,1280,720,egg,675,293,767,380
snap0001-0000000670.png,1280,720,egg,564,337,664,425
snap0001-0000000670.png,1280,720,egg,591,301,675,372
snap0001-0000000670.png,1280,720,egg,643,369,731,453
snap0001-0000000670.png,1280,720,egg,571,422,671,518
34163460133_fb08f8a070_n.jpg,320,231,egg,122,105,145,130
34163460133_fb08f8a070_n.jpg,320,231,egg,146,106,168,133
34163460133_fb08f8a070_n.jpg,320,231,egg,142,130,166,154
34163460133_fb08f8a070_n.jpg,320,231,egg,120,126,148,149
5737788469_7cc892d876_n.jpg,320,256,egg,73,77,163,160
5737788469_7cc892d876_n.jpg,320,256,egg,77,143,167,227
5737788469_7cc892d876_n.jpg,320,256,egg,161,112,241,199
5737788469_7cc892d876_n.jpg,320,256,egg,142,25,225,120
505090697_da3c1c2391_n.jpg,320,239,egg,82,23,126,71
505090697_da3c1c2391_n.jpg,320,239,egg,123,41,168,85
505090697_da3c1c2391_n.jpg,320,239,egg,164,32,203,78
505090697_da3c1c2391_n.jpg,320,239,egg,187,62,228,109
505090697_da3c1c2391_n.jpg,320,239,egg,220,97,267,149
505090697_da3c1c2391_n.jpg,320,239,egg,199,143,246,199
505090697_da3c1c2391_n.jpg,320,239,egg,195,200,247,239
505090697_da3c1c2391_n.jpg,320,239,egg,155,173,205,224
505090697_da3c1c2391_n.jpg,320,239,egg,132,136,185,183
505090697_da3c1c2391_n.jpg,320,239,egg,179,104,223,155
505090697_da3c1c2391_n.jpg,320,239,egg,135,83,183,130
505090697_da3c1c2391_n.jpg,320,239,egg,96,108,146,149
505090697_da3c1c2391_n.jpg,320,239,egg,83,71,137,112
images (54).jpg,265,190,egg,130,80,167,107
7461770348_ea911fa2a2_n.jpg,320,213,egg,90,123,140,159
7461770348_ea911fa2a2_n.jpg,320,213,egg,93,159,139,200
7461770348_ea911fa2a2_n.jpg,320,213,egg,128,172,176,213
7461770348_ea911fa2a2_n.jpg,320,213,egg,131,138,187,177
snap0009-0000007427fff.png,1280,720,egg,462,221,541,306
snap0009-0000007427fff.png,1280,720,egg,531,194,606,276
snap0009-0000007427fff.png,1280,720,egg,525,280,618,355
snap0009-0000007427fff.png,1280,720,egg,507,346,586,435
snap0009-0000007427fff.png,1280,720,egg,440,305,527,384
2272338459_008d9ea186_n.jpg,320,207,egg,164,69,205,97
2272338459_008d9ea186_n.jpg,320,207,egg,154,95,197,125
7544094376_a2ced01e8a_n.jpg,320,234,egg,88,49,156,124
7544094376_a2ced01e8a_n.jpg,320,234,egg,150,30,205,99
7544094376_a2ced01e8a_n.jpg,320,234,egg,166,87,228,167
7544094376_a2ced01e8a_n.jpg,320,234,egg,88,125,168,182
snap0016-0000013488fff.png,1280,720,egg,463,219,540,308
snap0016-0000013488fff.png,1280,720,egg,535,197,607,275
snap0016-0000013488fff.png,1280,720,egg,524,279,611,350
snap0016-0000013488fff.png,1280,720,egg,497,349,588,432
snap0016-0000013488fff.png,1280,720,egg,436,308,525,381
23426189709_73bc6f2cb2_n.jpg,320,213,egg,42,97,111,159
23426189709_73bc6f2cb2_n.jpg,320,213,egg,110,106,167,160
23426189709_73bc6f2cb2_n.jpg,320,213,egg,150,62,208,126
23426189709_73bc6f2cb2_n.jpg,320,213,egg,85,67,152,119
495853866_9e5d7fe2f0_m.jpg,180,240,egg,59,154,88,187
495853866_9e5d7fe2f0_m.jpg,180,240,egg,88,153,120,192
14009672183_983f2b3a7b_m.jpg,240,240,egg,15,62,87,129
14009672183_983f2b3a7b_m.jpg,240,240,egg,87,44,151,113
14009672183_983f2b3a7b_m.jpg,240,240,egg,68,107,136,172
14009672183_983f2b3a7b_m.jpg,240,240,egg,134,131,204,208
14009672183_983f2b3a7b_m.jpg,240,240,egg,145,70,222,134
4877767924_7435a53857.jpg,500,333,egg,210,37,302,164
4877767924_7435a53857.jpg,500,333,egg,288,31,407,162
images (59).jpg,275,183,egg,201,70,242,109
images (59).jpg,275,183,egg,172,102,210,150
images (59).jpg,275,183,egg,210,109,251,151
images (91).jpg,275,183,egg,84,63,111,88
images (91).jpg,275,183,egg,106,55,127,82
images (91).jpg,275,183,egg,126,60,149,88
images (91).jpg,275,183,egg,148,56,170,82
images (91).jpg,275,183,egg,141,80,167,101
images (91).jpg,275,183,egg,155,90,183,113
images (91).jpg,275,183,egg,144,108,167,124
images (91).jpg,275,183,egg,133,96,156,116
images (91).jpg,275,183,egg,122,109,144,128
images (91).jpg,275,183,egg,111,96,133,114
images (91).jpg,275,183,egg,108,81,139,100
images (91).jpg,275,183,egg,90,86,114,104
images (91).jpg,275,183,egg,97,102,120,119
snap0008-0000008075zlfff.png,1280,720,egg,546,341,629,406
snap0008-0000008075zlfff.png,1280,720,egg,605,384,682,462
snap0008-0000008075zlfff.png,1280,720,egg,646,444,712,514
snap0008-0000008075zlfff.png,1280,720,egg,617,510,702,574
snap0008-0000008075zlfff.png,1280,720,egg,590,562,658,600
snap0008-0000008075zlfff.png,1280,720,egg,532,514,617,569
snap0008-0000008075zlfff.png,1280,720,egg,574,458,650,523
snap0008-0000008075zlfff.png,1280,720,egg,524,402,604,469
snap0008-0000008075zlfff.png,1280,720,egg,494,460,575,514
snap0003-0000002341sadfgzlfff.png,1280,720,egg,386,265,452,330
snap0003-0000002341sadfgzlfff.png,1280,720,egg,447,246,518,314
snap0003-0000002341sadfgzlfff.png,1280,720,egg,495,290,561,353
snap0003-0000002341sadfgzlfff.png,1280,720,egg,483,351,553,408
snap0003-0000002341sadfgzlfff.png,1280,720,egg,444,389,490,447
snap0003-0000002341sadfgzlfff.png,1280,720,egg,374,378,440,440
snap0003-0000002341sadfgzlfff.png,1280,720,egg,344,319,424,386
snap0003-0000002341sadfgzlfff.png,1280,720,egg,424,316,493,393
images (83).jpg,213,237,egg,90,77,127,113
images (83).jpg,213,237,egg,63,100,100,146
images (83).jpg,213,237,egg,98,111,132,148
snap0006-0000005408zlfff.png,1280,720,egg,491,427,565,506
snap0006-0000005408zlfff.png,1280,720,egg,644,383,704,425
snap0006-0000005408zlfff.png,1280,720,egg,495,504,568,567
snap0006-0000005408zlfff.png,1280,720,egg,561,543,605,592
6934761980_0272875689_n.jpg,320,272,egg,132,83,173,118
6934761980_0272875689_n.jpg,320,272,egg,168,89,203,127
6934761980_0272875689_n.jpg,320,272,egg,153,123,193,160
6934761980_0272875689_n.jpg,320,272,egg,123,145,167,180
6934761980_0272875689_n.jpg,320,272,egg,111,114,152,151
snap0005-0000004491zlfff.png,1280,720,egg,492,431,561,503
snap0005-0000004491zlfff.png,1280,720,egg,644,384,710,432
snap0005-0000004491zlfff.png,1280,720,egg,501,502,569,566
snap0005-0000004491zlfff.png,1280,720,egg,567,542,619,597
4648296446_a339df50c1_m.jpg,180,240,egg,74,118,128,158
4648296446_a339df50c1_m.jpg,180,240,egg,124,91,169,140
snap0008-0000006543lfff.png,1280,720,egg,428,215,526,288
snap0008-0000006543lfff.png,1280,720,egg,501,279,574,377
snap0008-0000006543lfff.png,1280,720,egg,562,234,644,329
4097017528_e7ef0b0221_m.jpg,180,240,egg,29,89,90,142
4097017528_e7ef0b0221_m.jpg,180,240,egg,7,131,70,197
4097017528_e7ef0b0221_m.jpg,180,240,egg,65,133,125,192
4097017528_e7ef0b0221_m.jpg,180,240,egg,91,92,127,139
4097017528_e7ef0b0221_m.jpg,180,240,egg,118,89,172,166
snap0002-0000001419sadfgzlfff.png,1280,720,egg,451,238,511,312
snap0002-0000001419sadfgzlfff.png,1280,720,egg,381,264,448,326
snap0002-0000001419sadfgzlfff.png,1280,720,egg,498,287,561,336
27417710881_526dbf3299_m.jpg,240,224,egg,57,92,104,123
27417710881_526dbf3299_m.jpg,240,224,egg,98,75,136,114
27417710881_526dbf3299_m.jpg,240,224,egg,135,69,176,104
27417710881_526dbf3299_m.jpg,240,224,egg,144,102,187,136
27417710881_526dbf3299_m.jpg,240,224,egg,96,113,139,144
7617873078_6077afa26b_m.jpg,160,240,egg,17,81,63,121
7617873078_6077afa26b_m.jpg,160,240,egg,55,55,98,99
7617873078_6077afa26b_m.jpg,160,240,egg,61,96,107,133
7617873078_6077afa26b_m.jpg,160,240,egg,69,127,118,170
7617873078_6077afa26b_m.jpg,160,240,egg,29,118,71,165
5517905348_1b673d2250_n.jpg,320,213,egg,104,127,158,182
snap0005-0000004027lfff.png,1280,720,egg,444,178,543,261
snap0005-0000004027lfff.png,1280,720,egg,532,193,609,285
snap0005-0000004027lfff.png,1280,720,egg,441,257,533,331
snap0005-0000004027lfff.png,1280,720,egg,501,307,586,384
snap0005-0000004027lfff.png,1280,720,egg,572,263,654,334
4013575869_f9a7d7044a.jpg,500,332,egg,136,33,239,149
4013575869_f9a7d7044a.jpg,500,332,egg,206,145,300,263
snap0011-0000009099fff.png,1280,720,egg,463,219,541,307
snap0011-0000009099fff.png,1280,720,egg,531,194,608,276
snap0011-0000009099fff.png,1280,720,egg,527,280,619,353
snap0011-0000009099fff.png,1280,720,egg,510,343,584,439
snap0011-0000009099fff.png,1280,720,egg,441,305,527,380
images (52).jpg,262,192,egg,82,55,111,83
images (52).jpg,262,192,egg,88,81,123,109
images (52).jpg,262,192,egg,56,95,90,121
images (52).jpg,262,192,egg,57,72,89,97
4144329135_f978e4dbce.jpg,500,375,egg,188,177,259,257
4144329135_f978e4dbce.jpg,500,375,egg,233,141,306,206
4144329135_f978e4dbce.jpg,500,375,egg,306,144,376,216
4144329135_f978e4dbce.jpg,500,375,egg,261,198,340,265
images (12).jpg,275,183,egg,79,59,148,107
images (12).jpg,275,183,egg,147,62,200,124
images (12).jpg,275,183,egg,130,102,170,137
images (12).jpg,275,183,egg,74,105,139,148
snap0013-0000011966.png,1280,720,egg,533,215,619,304
snap0013-0000011966.png,1280,720,egg,588,290,658,372
snap0013-0000011966.png,1280,720,egg,508,300,598,386
snap0013-0000011966.png,1280,720,egg,618,222,725,316
snap0013-0000011966.png,1280,720,egg,656,306,744,401
snap0013-0000011966.png,1280,720,egg,627,399,728,496
snap0013-0000011966.png,1280,720,egg,560,374,648,452
snap0013-0000011966.png,1280,720,egg,480,380,571,470
snap0003-0000002750zlfff.png,1280,720,egg,500,388,572,462
snap0003-0000002750zlfff.png,1280,720,egg,570,361,640,434
snap0003-0000002750zlfff.png,1280,720,egg,635,401,708,467
3543760307_1fd277fb30_m.jpg,240,239,egg,84,94,142,144
3543760307_1fd277fb30_m.jpg,240,239,egg,141,82,200,133
3543760307_1fd277fb30_m.jpg,240,239,egg,134,131,195,177
3543760307_1fd277fb30_m.jpg,240,239,egg,90,140,143,200
snap0002-0000001419lfff.png,1280,720,egg,446,180,540,259
snap0002-0000001419lfff.png,1280,720,egg,529,207,603,284
snap0002-0000001419lfff.png,1280,720,egg,443,255,529,336
snap0002-0000001419lfff.png,1280,720,egg,500,311,586,380
images (16).jpg,263,191,egg,141,85,215,156
snap0004-0000003655zlfff.png,1280,720,egg,491,423,569,501
snap0004-0000003655zlfff.png,1280,720,egg,560,411,605,478
snap0004-0000003655zlfff.png,1280,720,egg,565,483,636,545
snap0004-0000003655zlfff.png,1280,720,egg,500,504,569,577
snap0004-0000003655zlfff.png,1280,720,egg,563,539,643,630
images (58).jpg,259,194,egg,98,102,119,120
images (58).jpg,259,194,egg,113,96,135,114
images (58).jpg,259,194,egg,135,98,155,117
images (58).jpg,259,194,egg,144,112,164,130
images (58).jpg,259,194,egg,130,124,153,142
images (58).jpg,259,194,egg,111,130,133,146
images (58).jpg,259,194,egg,105,118,127,135
images (58).jpg,259,194,egg,121,112,144,129
snap0005-0000003672zlfff.png,1280,720,egg,492,382,564,454
snap0005-0000003672zlfff.png,1280,720,egg,573,364,644,442
snap0005-0000003672zlfff.png,1280,720,egg,644,386,715,451
snap0005-0000003672zlfff.png,1280,720,egg,544,428,605,500
snap0005-0000003672zlfff.png,1280,720,egg,538,507,611,574
snap0005-0000003672zlfff.png,1280,720,egg,480,461,547,542
4535262644_ec1a103f7c_n.jpg,320,213,egg,94,87,146,134
4535262644_ec1a103f7c_n.jpg,320,213,egg,127,117,180,161
4535262644_ec1a103f7c_n.jpg,320,213,egg,145,136,204,181
4535262644_ec1a103f7c_n.jpg,320,213,egg,177,104,227,153
4535262644_ec1a103f7c_n.jpg,320,213,egg,144,76,203,120
snap0007-0000005822.png,1280,720,egg,497,212,607,298
snap0007-0000005822.png,1280,720,egg,559,269,655,356
snap0007-0000005822.png,1280,720,egg,642,229,735,313
snap0007-0000005822.png,1280,720,egg,673,308,773,394
snap0007-0000005822.png,1280,720,egg,646,383,732,472
snap0007-0000005822.png,1280,720,egg,576,432,661,521
snap0007-0000005822.png,1280,720,egg,552,355,656,446
snap0007-0000005822.png,1280,720,egg,481,292,568,397
snap0002-0000001931fff.png,1280,720,egg,443,227,535,297
snap0002-0000001931fff.png,1280,720,egg,530,207,608,293
snap0002-0000001931fff.png,1280,720,egg,562,287,653,365
snap0002-0000001931fff.png,1280,720,egg,477,289,561,372
snap0002-0000001931fff.png,1280,720,egg,512,352,596,428
images (44).jpg,201,251,egg,55,91,108,161
images (44).jpg,201,251,egg,89,143,166,194
images (44).jpg,201,251,egg,99,80,169,146
images (74).jpg,275,183,egg,160,42,234,132
2583261481_91e4a9d92e_n.jpg,320,234,egg,131,111,165,157
2583261481_91e4a9d92e_n.jpg,320,234,egg,164,114,204,155
images (43).jpg,259,194,egg,82,61,114,91
images (43).jpg,259,194,egg,112,47,138,84
images (43).jpg,259,194,egg,137,60,164,93
images (43).jpg,259,194,egg,147,87,182,129
images (43).jpg,259,194,egg,114,112,148,145
images (43).jpg,259,194,egg,85,95,119,131
images (43).jpg,259,194,egg,108,84,150,113
15509910012_246dbb476a_m.jpg,240,240,egg,76,118,109,153
15509910012_246dbb476a_m.jpg,240,240,egg,83,145,117,179
15509910012_246dbb476a_m.jpg,240,240,egg,114,149,149,182
15509910012_246dbb476a_m.jpg,240,240,egg,108,120,147,149
8556739534_cf45a5b969_n.jpg,320,213,egg,67,63,148,133
8556739534_cf45a5b969_n.jpg,320,213,egg,138,24,210,112
8556739534_cf45a5b969_n.jpg,320,213,egg,196,63,269,149
8556739534_cf45a5b969_n.jpg,320,213,egg,133,113,214,186
8556739534_cf45a5b969_n.jpg,320,213,egg,66,131,145,208
6986815718_2b79ce5595_n.jpg,320,213,egg,87,51,150,104
6986815718_2b79ce5595_n.jpg,320,213,egg,112,93,169,154
6986815718_2b79ce5595_n.jpg,320,213,egg,168,85,226,138
6986815718_2b79ce5595_n.jpg,320,213,egg,150,39,201,97
4913447237_1a57eddd05_n.jpg,320,240,egg,93,113,157,168
4913447237_1a57eddd05_n.jpg,320,240,egg,143,136,201,198
4913447237_1a57eddd05_n.jpg,320,240,egg,189,104,263,164
4913447237_1a57eddd05_n.jpg,320,240,egg,143,69,201,139
snap0008-0000007154zlfff.png,1280,720,egg,492,429,564,503
snap0008-0000007154zlfff.png,1280,720,egg,495,504,571,568
snap0008-0000007154zlfff.png,1280,720,egg,564,544,611,600
3838550854_42a5b4abe8_n.jpg,320,240,egg,111,63,167,127
3838550854_42a5b4abe8_n.jpg,320,240,egg,162,77,218,138
3838550854_42a5b4abe8_n.jpg,320,240,egg,94,121,166,180
3838550854_42a5b4abe8_n.jpg,320,240,egg,149,128,225,198
snap0012-0000010533lfff.png,1280,720,egg,443,191,532,261
snap0012-0000010533lfff.png,1280,720,egg,528,213,596,281
snap0012-0000010533lfff.png,1280,720,egg,571,278,657,346
snap0012-0000010533lfff.png,1280,720,egg,502,313,585,384
snap0012-0000010533lfff.png,1280,720,egg,444,263,534,338
2545253151_4d2ca34719.jpg,500,375,egg,100,44,293,197
2545253151_4d2ca34719.jpg,500,375,egg,259,87,422,277
2545253151_4d2ca34719.jpg,500,375,egg,83,194,266,356
images (90).jpg,275,183,egg,67,87,100,127
images (90).jpg,275,183,egg,84,105,131,136
images (90).jpg,275,183,egg,98,80,139,114
images (19).jpg,259,194,egg,56,96,98,153
images (19).jpg,259,194,egg,88,127,133,176
images (19).jpg,259,194,egg,127,114,171,163
images (19).jpg,259,194,egg,96,81,146,128
2995715073_8209981082_n.jpg,320,231,egg,124,92,173,127
2995715073_8209981082_n.jpg,320,231,egg,156,53,194,100
2995715073_8209981082_n.jpg,320,231,egg,172,88,215,130
2522207371_1e77628d8b_n.jpg,320,236,egg,14,59,110,169
2522207371_1e77628d8b_n.jpg,320,236,egg,41,158,140,236
2522207371_1e77628d8b_n.jpg,320,236,egg,104,116,215,207
2522207371_1e77628d8b_n.jpg,320,236,egg,119,31,236,122
2669666391_e594a85202.jpg,500,333,egg,124,101,215,175
2669666391_e594a85202.jpg,500,333,egg,170,155,254,230
2669666391_e594a85202.jpg,500,333,egg,221,125,307,207
2669666391_e594a85202.jpg,500,333,egg,241,89,342,161
2669666391_e594a85202.jpg,500,333,egg,325,133,404,204
2669666391_e594a85202.jpg,500,333,egg,281,161,378,241
3853985687_2284607444_n.jpg,320,228,egg,110,90,170,148
3853985687_2284607444_n.jpg,320,228,egg,153,124,222,175
3853985687_2284607444_n.jpg,320,228,egg,169,73,233,125
5934918566_b1fd0540e5_n.jpg,320,213,egg,109,120,158,156
5934918566_b1fd0540e5_n.jpg,320,213,egg,127,143,179,182
5934918566_b1fd0540e5_n.jpg,320,213,egg,151,103,190,154
snap0009-0000007973zlfff.png,1280,720,egg,491,435,549,497
snap0009-0000007973zlfff.png,1280,720,egg,501,502,572,574
snap0009-0000007973zlfff.png,1280,720,egg,561,544,613,587
images (46).jpg,275,184,egg,103,76,134,112
images (46).jpg,275,184,egg,113,109,144,145
images (46).jpg,275,184,egg,142,106,177,138
images (46).jpg,275,184,egg,133,67,160,107
images (46).jpg,275,184,egg,161,71,187,109
images62346.jpg,243,207,egg,75,99,125,140
images62346.jpg,243,207,egg,121,92,167,126
6339581651_679ae4a5ec_n.jpg,320,213,egg,130,85,174,126
6339581651_679ae4a5ec_n.jpg,320,213,egg,120,120,165,164
6339581651_679ae4a5ec_n.jpg,320,213,egg,159,100,211,153
6339581651_679ae4a5ec_n.jpg,320,213,egg,160,63,208,102
snap0004-0000003160lfff.png,1280,720,egg,443,178,541,261
snap0004-0000003160lfff.png,1280,720,egg,530,194,611,285
snap0004-0000003160lfff.png,1280,720,egg,446,255,532,338
snap0004-0000003160lfff.png,1280,720,egg,500,308,586,386
snap0004-0000003160lfff.png,1280,720,egg,574,264,657,340
images (88).jpg,259,194,egg,53,64,115,131
images (88).jpg,259,194,egg,93,34,168,88
images (88).jpg,259,194,egg,112,66,199,140
snap0003-0000002294lfff.png,1280,720,egg,445,180,542,256
snap0003-0000002294lfff.png,1280,720,egg,529,205,599,285
snap0003-0000002294lfff.png,1280,720,egg,571,280,660,352
snap0003-0000002294lfff.png,1280,720,egg,502,311,589,388
snap0003-0000002294lfff.png,1280,720,egg,441,257,533,338
19265010984_e770dd0019_n.jpg,320,213,egg,98,100,144,147
19265010984_e770dd0019_n.jpg,320,213,egg,139,80,182,139
19265010984_e770dd0019_n.jpg,320,213,egg,179,99,223,146
19265010984_e770dd0019_n.jpg,320,213,egg,148,134,195,181
19265010984_e770dd0019_n.jpg,320,213,egg,99,142,151,186
3060471364_46953eb575_n.jpg,320,213,egg,49,1,148,81
3060471364_46953eb575_n.jpg,320,213,egg,129,25,238,118
14919714455_7c08eac1dc_n.jpg,320,213,egg,125,39,191,95
14919714455_7c08eac1dc_n.jpg,320,213,egg,185,53,248,104
14919714455_7c08eac1dc_n.jpg,320,213,egg,106,80,159,136
14919714455_7c08eac1dc_n.jpg,320,213,egg,158,95,222,146
14919714455_7c08eac1dc_n.jpg,320,213,egg,142,133,198,178
14919714455_7c08eac1dc_n.jpg,320,213,egg,97,126,143,184
snap0012-0000010004fff.png,1280,720,egg,466,222,536,305
snap0012-0000010004fff.png,1280,720,egg,534,197,602,276
snap0012-0000010004fff.png,1280,720,egg,523,280,610,346
snap0012-0000010004fff.png,1280,720,egg,512,348,587,428
snap0012-0000010004fff.png,1280,720,egg,448,299,519,376
4828462503_dfa5b4ae44_m.jpg,180,240,egg,52,96,119,141
4828462503_dfa5b4ae44_m.jpg,180,240,egg,82,76,131,112
4828462503_dfa5b4ae44_m.jpg,180,240,egg,118,94,172,138
4828462503_dfa5b4ae44_m.jpg,180,240,egg,136,78,180,116
snap0023-0000019544fff.png,1280,720,egg,461,219,538,316
snap0023-0000019544fff.png,1280,720,egg,534,190,606,277
snap0023-0000019544fff.png,1280,720,egg,523,281,618,353
snap0023-0000019544fff.png,1280,720,egg,504,346,589,433
snap0023-0000019544fff.png,1280,720,egg,436,305,525,380
2638766549_07f664309e_n.jpg,320,240,egg,52,92,124,154
2638766549_07f664309e_n.jpg,320,240,egg,111,63,172,137
2638766549_07f664309e_n.jpg,320,240,egg,162,36,223,112
2638766549_07f664309e_n.jpg,320,240,egg,202,75,273,143
2638766549_07f664309e_n.jpg,320,240,egg,159,109,219,183
2638766549_07f664309e_n.jpg,320,240,egg,98,134,163,201
snap0008-0000006642sadfgzlfff.png,1280,720,egg,398,346,459,405
snap0008-0000006642sadfgzlfff.png,1280,720,egg,455,372,527,439
snap0008-0000006642sadfgzlfff.png,1280,720,egg,404,409,462,473
snap0008-0000006642sadfgzlfff.png,1280,720,egg,335,388,409,449
snap0002-0000001924.png,1280,720,egg,557,320,633,395
snap0002-0000001924.png,1280,720,egg,627,281,713,355
34268637304_29c0ecbd7c.jpg,500,281,egg,190,147,223,181
34268637304_29c0ecbd7c.jpg,500,281,egg,220,136,252,172
34268637304_29c0ecbd7c.jpg,500,281,egg,220,172,260,202
34268637304_29c0ecbd7c.jpg,500,281,egg,211,195,250,226
34268637304_29c0ecbd7c.jpg,500,281,egg,185,179,222,214
images11.jpg,238,212,egg,57,73,103,130
images11.jpg,238,212,egg,74,99,131,146
images11.jpg,238,212,egg,101,86,153,138
images11.jpg,238,212,egg,110,132,159,182
images11.jpg,238,212,egg,61,142,117,194
2684066827_dc51f49996_m.jpg,240,240,egg,62,100,107,142
2684066827_dc51f49996_m.jpg,240,240,egg,105,98,154,137
2684066827_dc51f49996_m.jpg,240,240,egg,85,136,133,175
2684066827_dc51f49996_m.jpg,240,240,egg,133,127,175,174
snap0003-0000002750gzlfff.png,1280,720,egg,381,265,449,336
snap0003-0000002750gzlfff.png,1280,720,egg,446,249,518,328
snap0003-0000002750gzlfff.png,1280,720,egg,345,326,412,392
snap0003-0000002750gzlfff.png,1280,720,egg,378,387,435,456
images (73).jpg,286,176,egg,61,47,113,116
images (73).jpg,286,176,egg,58,106,121,167
images (73).jpg,286,176,egg,108,78,162,155
images (73).jpg,286,176,egg,155,98,221,163
images (73).jpg,286,176,egg,157,48,210,119
images (73).jpg,286,176,egg,108,34,173,85
2440546712_99e4ce00c5.jpg,500,375,egg,214,132,290,182
2440546712_99e4ce00c5.jpg,500,375,egg,178,155,236,211
2440546712_99e4ce00c5.jpg,500,375,egg,225,178,284,239
2440546712_99e4ce00c5.jpg,500,375,egg,277,193,337,253
5935978644_8dbb0a7f2f.jpg,500,332,egg,157,73,264,217
5935978644_8dbb0a7f2f.jpg,500,332,egg,227,138,355,272
27245076475_1e6e0ed414_n.jpg,320,240,egg,83,128,138,191
27245076475_1e6e0ed414_n.jpg,320,240,egg,134,160,214,223
27245076475_1e6e0ed414_n.jpg,320,240,egg,132,128,195,176
27245076475_1e6e0ed414_n.jpg,320,240,egg,130,83,173,133
27245076475_1e6e0ed414_n.jpg,320,240,egg,171,89,218,139
27245076475_1e6e0ed414_n.jpg,320,240,egg,206,106,262,164
5676793097_bcfa5c69ca_m.jpg,159,240,egg,49,100,89,145
5676793097_bcfa5c69ca_m.jpg,159,240,egg,67,132,113,179
5676793097_bcfa5c69ca_m.jpg,159,240,egg,87,92,129,134
snap0002-0000001419.png,1280,720,egg,515,266,602,363
snap0002-0000001419.png,1280,720,egg,594,230,709,309
snap0002-0000001419.png,1280,720,egg,674,292,767,384
snap0002-0000001419.png,1280,720,egg,623,370,731,452
snap0002-0000001419.png,1280,720,egg,576,428,670,519
snap0002-0000001419.png,1280,720,egg,565,338,662,425
snap0002-0000001419.png,1280,720,egg,590,300,691,365
images (35).jpg,259,194,egg,63,50,127,119
images (35).jpg,259,194,egg,99,106,177,165
images (35).jpg,259,194,egg,125,47,190,115
snap0013-0000010840fff.png,1280,720,egg,461,221,542,308
snap0013-0000010840fff.png,1280,720,egg,531,190,610,278
snap0013-0000010840fff.png,1280,720,egg,523,280,625,353
snap0013-0000010840fff.png,1280,720,egg,505,345,584,440
snap0013-0000010840fff.png,1280,720,egg,431,307,525,380
images (22).jpg,275,183,egg,91,50,178,158
5870884358_01f2c597ff.jpg,500,333,egg,60,162,177,258
5870884358_01f2c597ff.jpg,500,333,egg,133,96,263,187
5870884358_01f2c597ff.jpg,500,333,egg,193,176,329,268
9132323310_d2e4233468_n.jpg,320,213,egg,135,32,202,108
9132323310_d2e4233468_n.jpg,320,213,egg,171,78,240,159
9132323310_d2e4233468_n.jpg,320,213,egg,112,128,195,199
9132323310_d2e4233468_n.jpg,320,213,egg,82,73,158,143
snap0001-0000000672zlfff.png,1280,720,egg,488,385,561,456
snap0001-0000000672zlfff.png,1280,720,egg,570,368,640,443
snap0001-0000000672zlfff.png,1280,720,egg,636,389,706,465
snap0001-0000000672zlfff.png,1280,720,egg,661,459,732,528
snap0001-0000000672zlfff.png,1280,720,egg,593,456,660,524
snap0001-0000000672zlfff.png,1280,720,egg,611,516,693,592
snap0001-0000000672zlfff.png,1280,720,egg,538,504,617,574
snap0001-0000000672zlfff.png,1280,720,egg,478,460,551,525
snap0001-0000000672zlfff.png,1280,720,egg,544,431,600,499
5681805500_5831660f69_m.jpg,235,240,egg,29,90,88,160
5681805500_5831660f69_m.jpg,235,240,egg,87,71,146,137
5681805500_5831660f69_m.jpg,235,240,egg,141,93,205,158
snap0007-0000005413zlfff.png,1280,720,egg,491,382,561,452
snap0007-0000005413zlfff.png,1280,720,egg,577,367,643,439
snap0007-0000005413zlfff.png,1280,720,egg,647,380,705,430
snap0007-0000005413zlfff.png,1280,720,egg,480,457,550,547
snap0007-0000005413zlfff.png,1280,720,egg,543,518,588,580
snap0009-0000007154zlfff.png,1280,720,egg,494,384,563,452
snap0009-0000007154zlfff.png,1280,720,egg,566,366,638,430
snap0009-0000007154zlfff.png,1280,720,egg,642,377,702,424
snap0009-0000007154zlfff.png,1280,720,egg,487,458,549,537
snap0009-0000007154zlfff.png,1280,720,egg,547,511,591,573
snap0004-0000002750zlfff.png,1280,720,egg,575,367,643,439
snap0004-0000002750zlfff.png,1280,720,egg,640,387,712,448
snap0004-0000002750zlfff.png,1280,720,egg,488,385,563,456
snap0004-0000002750zlfff.png,1280,720,egg,540,424,608,497
snap0004-0000002750zlfff.png,1280,720,egg,481,458,552,543
snap0004-0000002750zlfff.png,1280,720,egg,543,505,617,586
2446893925_84b823f3ed_n.jpg,320,213,egg,194,105,246,142
2446893925_84b823f3ed_n.jpg,320,213,egg,199,143,244,184
2446893925_84b823f3ed_n.jpg,320,213,egg,159,128,204,168
2446893925_84b823f3ed_n.jpg,320,213,egg,169,163,208,196
images (78).jpg,224,224,egg,56,62,128,126
images (78).jpg,224,224,egg,27,105,86,174
images (78).jpg,224,224,egg,77,137,136,205
images (78).jpg,224,224,egg,132,92,195,162
4512591300_bfcc2c4629_n.jpg,320,215,egg,90,116,196,207
4512591300_bfcc2c4629_n.jpg,320,215,egg,161,86,240,177
4241218930_45f7f0f303_n.jpg,320,240,egg,100,94,135,132
4241218930_45f7f0f303_n.jpg,320,240,egg,121,80,162,107
4241218930_45f7f0f303_n.jpg,320,240,egg,135,105,172,138
6298081336_02ab0a10f7_m.jpg,143,240,egg,32,77,83,133
snap0002-0000001918zlfff.png,1280,720,egg,558,414,622,478
snap0002-0000001918zlfff.png,1280,720,egg,637,383,705,453
snap0002-0000001918zlfff.png,1280,720,egg,646,455,724,523
snap0002-0000001918zlfff.png,1280,720,egg,628,520,700,580
snap0002-0000001918zlfff.png,1280,720,egg,555,544,642,604
snap0002-0000001918zlfff.png,1280,720,egg,494,503,569,572
snap0002-0000001918zlfff.png,1280,720,egg,566,479,641,547
snap0002-0000001918zlfff.png,1280,720,egg,489,431,568,503
15591555312_b5c98ced99_m.jpg,225,225,egg,98,60,145,115
15591555312_b5c98ced99_m.jpg,225,225,egg,109,96,163,141
15591555312_b5c98ced99_m.jpg,225,225,egg,66,87,111,133
images (31).jpg,259,194,egg,139,50,180,99
snap0014-0000012251lfff.png,1280,720,egg,463,222,540,296
snap0014-0000012251lfff.png,1280,720,egg,538,241,605,310
snap0014-0000012251lfff.png,1280,720,egg,594,286,672,371
snap0014-0000012251lfff.png,1280,720,egg,511,340,602,418
snap0014-0000012251lfff.png,1280,720,egg,475,289,550,359
3318355373_f4b3258f72_n.jpg,320,240,egg,60,99,148,174
3318355373_f4b3258f72_n.jpg,320,240,egg,155,106,244,179
3318355373_f4b3258f72_n.jpg,320,240,egg,163,62,238,128
3318355373_f4b3258f72_n.jpg,320,240,egg,99,65,169,131
3318355373_f4b3258f72_n.jpg,320,240,egg,132,128,211,196
12465227775_678bedf111_m.jpg,240,240,egg,28,73,92,148
12465227775_678bedf111_m.jpg,240,240,egg,80,48,149,103
12465227775_678bedf111_m.jpg,240,240,egg,89,94,163,162
13935726017_7bc25005db_n.jpg,320,213,egg,127,45,200,100
13935726017_7bc25005db_n.jpg,320,213,egg,132,90,208,133
13935726017_7bc25005db_n.jpg,320,213,egg,118,122,208,166
13935726017_7bc25005db_n.jpg,320,213,egg,68,98,128,162
snap0006-0000004901lfff.png,1280,720,egg,444,178,543,262
snap0006-0000004901lfff.png,1280,720,egg,531,198,616,284
snap0006-0000004901lfff.png,1280,720,egg,574,270,668,350
snap0006-0000004901lfff.png,1280,720,egg,497,311,587,388
snap0006-0000004901lfff.png,1280,720,egg,442,255,534,341
snap0003-0000002750.png,1280,720,egg,556,321,640,397
snap0003-0000002750.png,1280,720,egg,627,289,699,363
snap0007-0000006744.png,1280,720,egg,492,277,586,358
snap0007-0000006744.png,1280,720,egg,577,239,662,327
snap0007-0000006744.png,1280,720,egg,645,202,735,291
snap0007-0000006744.png,1280,720,egg,668,288,769,372
snap0007-0000006744.png,1280,720,egg,665,372,752,431
snap0007-0000006744.png,1280,720,egg,582,326,682,391
snap0007-0000006744.png,1280,720,egg,500,360,590,425
images (63).jpg,259,194,egg,102,51,144,88
images (63).jpg,259,194,egg,143,53,186,97
images (63).jpg,259,194,egg,115,82,162,132
4672585999_34131417ae_m.jpg,176,240,egg,48,108,83,144
4672585999_34131417ae_m.jpg,176,240,egg,62,140,92,174
4672585999_34131417ae_m.jpg,176,240,egg,82,109,115,148
4672585999_34131417ae_m.jpg,176,240,egg,91,138,124,173
snap0015-0000013707.png,1280,720,egg,534,217,617,303
snap0015-0000013707.png,1280,720,egg,618,222,720,306
snap0015-0000013707.png,1280,720,egg,654,308,740,397
snap0015-0000013707.png,1280,720,egg,628,403,729,493
snap0015-0000013707.png,1280,720,egg,568,373,642,448
snap0015-0000013707.png,1280,720,egg,480,378,571,467
snap0015-0000013707.png,1280,720,egg,515,304,593,380
snap0015-0000013707.png,1280,720,egg,592,291,660,371
images (33).jpg,247,204,egg,80,75,113,116
images (33).jpg,247,204,egg,111,85,141,123
images (33).jpg,247,204,egg,140,82,173,124
images (33).jpg,247,204,egg,121,118,161,150
images (33).jpg,247,204,egg,88,111,122,151
8471173229_78df355a19_n.jpg,320,240,egg,131,78,173,128
8471173229_78df355a19_n.jpg,320,240,egg,173,82,212,128
images (92).jpg,259,194,egg,117,55,139,76
images (92).jpg,259,194,egg,140,61,164,78
images (92).jpg,259,194,egg,105,71,126,92
images (92).jpg,259,194,egg,116,86,140,106
images (92).jpg,259,194,egg,126,74,147,89
images (92).jpg,259,194,egg,141,76,161,99
images (92).jpg,259,194,egg,157,90,180,111
images (92).jpg,259,194,egg,138,97,161,121
images (92).jpg,259,194,egg,121,105,144,130
2322407924_64934a9414_m.jpg,190,240,egg,9,78,84,147
6133950780_e8e740fa2f_n.jpg,320,240,egg,42,73,156,155
6133950780_e8e740fa2f_n.jpg,320,240,egg,152,63,259,143
6133950780_e8e740fa2f_n.jpg,320,240,egg,172,139,297,214
6133950780_e8e740fa2f_n.jpg,320,240,egg,60,147,172,223
images (26).jpg,259,194,egg,104,73,148,124
16912397868_937a58c645_m.jpg,231,240,egg,66,84,108,129
16912397868_937a58c645_m.jpg,231,240,egg,105,86,142,134
16912397868_937a58c645_m.jpg,231,240,egg,64,126,111,165
2489471151_d3d92fcf5b_n.jpg,320,213,egg,17,14,145,119
2489471151_d3d92fcf5b_n.jpg,320,213,egg,146,19,257,152
2489471151_d3d92fcf5b_n.jpg,320,213,egg,199,84,312,213
2489471151_d3d92fcf5b_n.jpg,320,213,egg,86,110,200,213
snap0008-0000006232zlfff.png,1280,720,egg,485,377,563,454
snap0008-0000006232zlfff.png,1280,720,egg,570,366,642,439
snap0008-0000006232zlfff.png,1280,720,egg,641,380,705,428
snap0008-0000006232zlfff.png,1280,720,egg,541,430,597,507
snap0008-0000006232zlfff.png,1280,720,egg,475,456,550,549
snap0008-0000006232zlfff.png,1280,720,egg,542,504,601,582
snap0031-0000026712fff.png,1280,720,egg,449,210,527,300
snap0031-0000026712fff.png,1280,720,egg,526,201,604,291
snap0031-0000026712fff.png,1280,720,egg,436,293,516,375
snap0031-0000026712fff.png,1280,720,egg,519,289,595,382
snap0031-0000026712fff.png,1280,720,egg,586,279,677,356
snap0007-0000006232zlfff.png,1280,720,egg,493,430,556,504
snap0007-0000006232zlfff.png,1280,720,egg,502,504,570,569
snap0007-0000006232zlfff.png,1280,720,egg,565,545,602,581
snap0005-0000004082fff.png,1280,720,egg,426,261,517,337
snap0005-0000004082fff.png,1280,720,egg,448,336,528,423
snap0005-0000004082fff.png,1280,720,egg,514,372,606,441
snap0005-0000004082fff.png,1280,720,egg,519,299,594,377
snap0005-0000004082fff.png,1280,720,egg,590,270,671,368
images (13).jpg,259,195,egg,76,79,120,122
images (13).jpg,259,195,egg,63,119,112,163
images (13).jpg,259,195,egg,111,115,153,157
images (13).jpg,259,195,egg,148,99,192,145
images (13).jpg,259,195,egg,116,68,158,113
images (13).jpg,259,195,egg,150,55,197,103
snap0010-0000008780lfff.png,1280,720,egg,468,213,537,293
snap0010-0000008780lfff.png,1280,720,egg,539,245,607,322
snap0010-0000008780lfff.png,1280,720,egg,587,279,661,372
snap0010-0000008780lfff.png,1280,720,egg,520,341,598,422
snap0010-0000008780lfff.png,1280,720,egg,477,280,554,363
images (57).jpg,275,183,egg,75,72,111,102
images (57).jpg,275,183,egg,95,96,133,125
images (57).jpg,275,183,egg,108,118,153,144
images (57).jpg,275,183,egg,133,92,169,132
images (57).jpg,275,183,egg,169,85,213,124
images (57).jpg,275,183,egg,187,57,218,88
images (57).jpg,275,183,egg,164,29,199,74
images (57).jpg,275,183,egg,148,63,189,103
images (57).jpg,275,183,egg,110,68,150,101
images (57).jpg,275,183,egg,97,31,130,76
images (57).jpg,275,183,egg,133,31,165,74
images (34).jpg,259,195,egg,27,71,118,153
images (34).jpg,259,195,egg,78,110,169,179
images (34).jpg,259,195,egg,155,62,226,156
snap0003-0000002341fff.png,1280,720,egg,538,204,632,280
snap0003-0000002341fff.png,1280,720,egg,541,282,628,350
snap0003-0000002341fff.png,1280,720,egg,532,347,621,430
snap0003-0000002341fff.png,1280,720,egg,464,319,552,397
snap0003-0000002341fff.png,1280,720,egg,460,243,555,320
images5.jpg,271,186,egg,83,67,125,97
images5.jpg,271,186,egg,97,93,138,125
images5.jpg,271,186,egg,136,94,173,130
images5.jpg,271,186,egg,124,69,167,102
2365011945_3c740e7802.jpg,500,281,egg,200,117,303,241
2365011945_3c740e7802.jpg,500,281,egg,283,61,386,174
images (30).jpg,257,196,egg,110,68,133,99
images (30).jpg,257,196,egg,132,67,161,91
images (30).jpg,257,196,egg,137,90,163,116
images (30).jpg,257,196,egg,115,95,139,121
12027612704_d84aae54b6_m.jpg,236,240,egg,103,45,153,86
12027612704_d84aae54b6_m.jpg,236,240,egg,40,86,88,145
12027612704_d84aae54b6_m.jpg,236,240,egg,91,96,139,156
12027612704_d84aae54b6_m.jpg,236,240,egg,70,166,132,216
12027612704_d84aae54b6_m.jpg,236,240,egg,120,148,175,210
12027612704_d84aae54b6_m.jpg,236,240,egg,142,121,201,169
12027612704_d84aae54b6_m.jpg,236,240,egg,133,66,192,120
snap0012-0000010616zlfff.png,1280,720,egg,502,393,576,472
snap0012-0000010616zlfff.png,1280,720,egg,632,374,701,449
images (93).jpg,236,214,egg,72,49,125,98
images (93).jpg,236,214,egg,126,53,181,109
images (93).jpg,236,214,egg,92,92,148,135
images (93).jpg,236,214,egg,108,125,174,174
images (93).jpg,236,214,egg,43,90,94,143
snap0001-0000000675fff.png,1280,720,egg,417,255,494,347
snap0001-0000000675fff.png,1280,720,egg,480,322,552,405
snap0001-0000000675fff.png,1280,720,egg,484,256,579,334
snap0001-0000000675fff.png,1280,720,egg,497,177,592,261
snap0001-0000000675fff.png,1280,720,egg,568,236,648,312
3545704892_9ab51e735c_n.jpg,320,240,egg,79,33,145,118
3545704892_9ab51e735c_n.jpg,320,240,egg,137,76,200,136
3545704892_9ab51e735c_n.jpg,320,240,egg,168,112,236,184
3545704892_9ab51e735c_n.jpg,320,240,egg,97,110,168,196
snap0010-0000008280fff.png,1280,720,egg,463,219,539,306
snap0010-0000008280fff.png,1280,720,egg,534,194,606,278
snap0010-0000008280fff.png,1280,720,egg,526,280,617,355
snap0010-0000008280fff.png,1280,720,egg,439,305,525,380
snap0010-0000008280fff.png,1280,720,egg,507,344,586,438
2418780617_4c8c453cbc_n.jpg,320,214,egg,114,67,159,103
2418780617_4c8c453cbc_n.jpg,320,214,egg,145,90,189,125
2418780617_4c8c453cbc_n.jpg,320,214,egg,130,123,173,156
2418780617_4c8c453cbc_n.jpg,320,214,egg,98,101,148,142
2542997812_397e96195b.jpg,500,375,egg,216,131,284,189
2542997812_397e96195b.jpg,500,375,egg,263,164,331,219
2542997812_397e96195b.jpg,500,375,egg,267,217,346,271
2542997812_397e96195b.jpg,500,375,egg,213,188,268,257
snap0002-0000001419llgzlfff.png,1280,720,egg,389,260,457,318
snap0002-0000001419llgzlfff.png,1280,720,egg,335,305,394,351
snap0002-0000001419llgzlfff.png,1280,720,egg,394,315,460,351
23936197501_fee980b04b_n.jpg,320,240,egg,96,68,168,129
23936197501_fee980b04b_n.jpg,320,240,egg,160,62,233,117
23936197501_fee980b04b_n.jpg,320,240,egg,160,112,243,170
23936197501_fee980b04b_n.jpg,320,240,egg,111,128,177,202
snap0005-0000004082.png,1280,720,egg,483,288,566,367
snap0005-0000004082.png,1280,720,egg,553,306,635,392
6889696892_946cfb8a42_n.jpg,320,240,egg,14,80,140,181
6889696892_946cfb8a42_n.jpg,320,240,egg,131,116,271,206
snap0002-0000001419zlfff.png,1280,720,egg,494,380,564,455
snap0002-0000001419zlfff.png,1280,720,egg,572,366,642,439
snap0002-0000001419zlfff.png,1280,720,egg,639,387,713,466
snap0002-0000001419zlfff.png,1280,720,egg,659,456,734,538
snap0002-0000001419zlfff.png,1280,720,egg,600,453,668,525
snap0002-0000001419zlfff.png,1280,720,egg,537,427,603,500
snap0002-0000001419zlfff.png,1280,720,egg,483,458,548,539
snap0002-0000001419zlfff.png,1280,720,egg,539,507,611,576
snap0002-0000001419zlfff.png,1280,720,egg,609,522,696,592
4528112795_490f3934d3_n.jpg,320,213,egg,132,76,197,138
images (17).jpg,194,259,egg,60,111,110,174
images (17).jpg,194,259,egg,102,88,149,148
13186096_8dfd7284ed_m.jpg,240,226,egg,50,57,128,120
13186096_8dfd7284ed_m.jpg,240,226,egg,120,60,191,143
13186096_8dfd7284ed_m.jpg,240,226,egg,66,113,151,182
snap0004-0000003672zlfff.png,1280,720,egg,502,388,577,461
snap0004-0000003672zlfff.png,1280,720,egg,569,358,642,430
snap0004-0000003672zlfff.png,1280,720,egg,636,401,707,468
6865116012_90480ed638_m.jpg,240,240,egg,46,92,110,152
6865116012_90480ed638_m.jpg,240,240,egg,61,149,115,216
6865116012_90480ed638_m.jpg,240,240,egg,108,105,161,172
2593914799_a0cfe1e2d7.jpg,500,375,egg,233,109,388,256
7003638142_26eabe7bce_n.jpg,320,240,egg,117,114,148,156
7003638142_26eabe7bce_n.jpg,320,240,egg,137,132,172,172
7003638142_26eabe7bce_n.jpg,320,240,egg,142,101,179,133
7003638142_26eabe7bce_n.jpg,320,240,egg,171,115,202,150
images (75).jpg,228,221,egg,67,88,112,138
images (75).jpg,228,221,egg,101,67,152,112
images (75).jpg,228,221,egg,109,109,160,156
snap0004-0000003160fff.png,1280,720,egg,463,245,554,317
snap0004-0000003160fff.png,1280,720,egg,460,317,548,392
snap0004-0000003160fff.png,1280,720,egg,544,296,607,350
snap0004-0000003160fff.png,1280,720,egg,530,348,627,427
10151761215_33c21f0cbe_n.jpg,320,240,egg,108,54,180,110
10151761215_33c21f0cbe_n.jpg,320,240,egg,77,94,143,152
10151761215_33c21f0cbe_n.jpg,320,240,egg,54,132,127,195
10151761215_33c21f0cbe_n.jpg,320,240,egg,128,140,193,195
10151761215_33c21f0cbe_n.jpg,320,240,egg,143,92,210,149
snap0004-0000003160.png,1280,720,egg,575,180,671,269
snap0004-0000003160.png,1280,720,egg,602,252,696,336
snap0004-0000003160.png,1280,720,egg,524,247,609,340
snap0004-0000003160.png,1280,720,egg,456,300,542,390
snap0004-0000003160.png,1280,720,egg,503,365,589,471
snap0004-0000003160.png,1280,720,egg,577,329,684,416
snap0004-0000003160.png,1280,720,egg,672,294,773,382
snap0004-0000003160.png,1280,720,egg,601,401,693,487
6205472267_8c5eb5601a_n.jpg,320,213,egg,151,118,197,162
snap0008-0000006541fff.png,1280,720,egg,449,256,540,330
snap0008-0000006541fff.png,1280,720,egg,471,326,562,400
snap0008-0000006541fff.png,1280,720,egg,561,300,639,397
snap0008-0000006541fff.png,1280,720,egg,537,246,602,317
snap0008-0000006642lfff.png,1280,720,egg,447,181,544,261
snap0008-0000006642lfff.png,1280,720,egg,443,258,531,342
snap0008-0000006642lfff.png,1280,720,egg,502,310,586,387
snap0008-0000006642lfff.png,1280,720,egg,530,211,596,287
3115327495_64d719d79b_n.jpg,320,240,egg,112,50,172,103
3115327495_64d719d79b_n.jpg,320,240,egg,152,83,216,129
3115327495_64d719d79b_n.jpg,320,240,egg,107,103,164,157
snap0007-0000007154zlfff.png,1280,720,egg,546,341,620,405
snap0007-0000007154zlfff.png,1280,720,egg,600,380,664,466
snap0007-0000007154zlfff.png,1280,720,egg,664,379,727,466
snap0007-0000007154zlfff.png,1280,720,egg,650,470,745,536
snap0007-0000007154zlfff.png,1280,720,egg,627,526,691,605
snap0007-0000007154zlfff.png,1280,720,egg,561,514,627,584
snap0007-0000007154zlfff.png,1280,720,egg,492,497,563,566
snap0007-0000007154zlfff.png,1280,720,egg,467,422,549,507
snap0007-0000007154zlfff.png,1280,720,egg,532,398,602,477
5681805403_37d4c5d3c1_n.jpg,320,243,egg,93,89,134,144
5681805403_37d4c5d3c1_n.jpg,320,243,egg,107,133,168,172
5681805403_37d4c5d3c1_n.jpg,320,243,egg,135,80,174,135
5681805403_37d4c5d3c1_n.jpg,320,243,egg,175,78,217,136
2417292140_e8243df9c8.jpg,500,325,egg,178,91,220,131
2417292140_e8243df9c8.jpg,500,325,egg,218,104,252,143
2417292140_e8243df9c8.jpg,500,325,egg,185,125,222,166
snap0001-0000000666.png,1280,720,egg,506,367,589,454
snap0001-0000000666.png,1280,720,egg,678,311,769,385
14625085306_ee6b2be990_n.jpg,320,213,egg,140,60,178,110
14625085306_ee6b2be990_n.jpg,320,213,egg,125,103,164,150
14625085306_ee6b2be990_n.jpg,320,213,egg,164,96,203,142
snap0014-0000012786.png,1280,720,egg,535,216,619,305
snap0014-0000012786.png,1280,720,egg,619,227,723,307
snap0014-0000012786.png,1280,720,egg,593,296,660,370
snap0014-0000012786.png,1280,720,egg,511,300,599,386
snap0014-0000012786.png,1280,720,egg,656,305,742,401
snap0014-0000012786.png,1280,720,egg,629,401,726,500
snap0014-0000012786.png,1280,720,egg,566,372,642,455
snap0014-0000012786.png,1280,720,egg,484,382,569,466
snap0004-0000003160llgzlfff.png,1280,720,egg,335,296,404,360
snap0004-0000003160llgzlfff.png,1280,720,egg,388,255,462,323
snap0004-0000003160llgzlfff.png,1280,720,egg,402,316,465,372
snap0004-0000003160llgzlfff.png,1280,720,egg,332,357,412,417
snap0004-0000003160llgzlfff.png,1280,720,egg,472,380,549,440
snap0006-0000004893lfff.png,1280,720,egg,425,214,522,298
snap0006-0000004893lfff.png,1280,720,egg,501,278,573,366
snap0006-0000004893lfff.png,1280,720,egg,560,233,644,325
images (38).jpg,275,183,egg,103,69,141,117
images (38).jpg,275,183,egg,110,108,156,139
images (38).jpg,275,183,egg,140,80,178,125
images (45).jpg,275,183,egg,143,54,181,101
images (45).jpg,275,183,egg,172,25,208,70
images (45).jpg,275,183,egg,178,64,221,118
images (45).jpg,275,183,egg,201,103,258,146
images (45).jpg,275,183,egg,220,64,265,109
images (45).jpg,275,183,egg,208,33,247,75
15617786788_ce1f7cce43.jpg,500,333,egg,190,31,353,206
15617786788_ce1f7cce43.jpg,500,333,egg,240,190,434,325
15617786788_ce1f7cce43.jpg,500,333,egg,308,109,473,229
snap0010-0000008485zlfff.png,1280,720,egg,494,387,562,455
snap0010-0000008485zlfff.png,1280,720,egg,480,457,548,547
snap0010-0000008485zlfff.png,1280,720,egg,541,505,585,572
snap0010-0000008485zlfff.png,1280,720,egg,543,446,583,500
snap0010-0000008485zlfff.png,1280,720,egg,556,363,638,399
snap0010-0000008485zlfff.png,1280,720,egg,647,381,704,407
snap0010-0000008894zlfff.png,1280,720,egg,493,430,562,506
snap0010-0000008894zlfff.png,1280,720,egg,501,505,570,563
snap0010-0000008894zlfff.png,1280,720,egg,559,551,603,586
snap0010-0000008894zlfff.png,1280,720,egg,640,387,703,414
snap0023-0000019605lfff.png,1280,720,egg,488,273,569,365
snap0023-0000019605lfff.png,1280,720,egg,560,235,639,331
snap0011-0000009714zlfff.png,1280,720,egg,637,372,698,431
33769902854_f85b7d5b3b_m.jpg,240,240,egg,23,37,116,110
33769902854_f85b7d5b3b_m.jpg,240,240,egg,43,104,123,177
33769902854_f85b7d5b3b_m.jpg,240,240,egg,94,143,176,223
33769902854_f85b7d5b3b_m.jpg,240,240,egg,121,52,192,142
7303493136_d6072560c9_n.jpg,320,240,egg,154,81,224,140
7303493136_d6072560c9_n.jpg,320,240,egg,181,129,254,199
7303493136_d6072560c9_n.jpg,320,240,egg,123,165,193,236
7303493136_d6072560c9_n.jpg,320,240,egg,122,121,188,176
7303493136_d6072560c9_n.jpg,320,240,egg,71,148,136,214
17066211725_bcf48c551a_n.jpg,320,240,egg,140,99,174,133
17066211725_bcf48c551a_n.jpg,320,240,egg,109,117,148,146
17066211725_bcf48c551a_n.jpg,320,240,egg,135,134,174,170
33555426390_744d22ed31_n.jpg,320,227,egg,132,88,169,134
33555426390_744d22ed31_n.jpg,320,227,egg,167,88,207,136
33555426390_744d22ed31_n.jpg,320,227,egg,177,125,222,169
33555426390_744d22ed31_n.jpg,320,227,egg,128,130,178,171
5660414552_cbfe5415d5_n.jpg,320,240,egg,165,87,184,108
5660414552_cbfe5415d5_n.jpg,320,240,egg,144,95,165,114
5660414552_cbfe5415d5_n.jpg,320,240,egg,142,112,163,135
5660414552_cbfe5415d5_n.jpg,320,240,egg,160,124,182,143
5660414552_cbfe5415d5_n.jpg,320,240,egg,160,108,185,126
snap0004-0000003606gzlfff.png,1280,720,egg,449,253,523,314
snap0004-0000003606gzlfff.png,1280,720,egg,381,268,452,331
snap0004-0000003606gzlfff.png,1280,720,egg,345,326,405,394
snap0004-0000003606gzlfff.png,1280,720,egg,369,405,431,459
images (87).jpg,259,194,egg,25,40,56,76
images (87).jpg,259,194,egg,54,57,87,93
images (87).jpg,259,194,egg,68,91,97,121
images (87).jpg,259,194,egg,85,67,114,101
images (87).jpg,259,194,egg,112,37,145,64
images (87).jpg,259,194,egg,114,66,147,102
images (87).jpg,259,194,egg,145,63,179,105
images (87).jpg,259,194,egg,161,101,199,137
images (87).jpg,259,194,egg,126,95,162,123
images (87).jpg,259,194,egg,119,121,156,161
images (87).jpg,259,194,egg,155,133,192,170
images (87).jpg,259,194,egg,91,100,126,143
images (87).jpg,259,194,egg,76,132,114,171
images (87).jpg,259,194,egg,110,156,154,193
7798722300_8ebd9f9fb4_m.jpg,180,240,egg,59,85,99,129
7798722300_8ebd9f9fb4_m.jpg,180,240,egg,51,126,97,169
7798722300_8ebd9f9fb4_m.jpg,180,240,egg,54,165,96,216
7798722300_8ebd9f9fb4_m.jpg,180,240,egg,90,147,134,192
7798722300_8ebd9f9fb4_m.jpg,180,240,egg,91,111,142,150
27580068644_143b093974_m.jpg,240,223,egg,95,94,128,126
27580068644_143b093974_m.jpg,240,223,egg,127,95,164,124
27580068644_143b093974_m.jpg,240,223,egg,135,125,167,155
27580068644_143b093974_m.jpg,240,223,egg,98,121,134,153
snap0002-0000001419aagzlfff.png,1280,720,egg,410,229,493,289
snap0002-0000001419aagzlfff.png,1280,720,egg,371,280,438,354
snap0002-0000001419aagzlfff.png,1280,720,egg,439,289,519,349
snap0002-0000001419aagzlfff.png,1280,720,egg,498,328,560,397
snap0002-0000001419aagzlfff.png,1280,720,egg,466,386,524,454
snap0002-0000001419aagzlfff.png,1280,720,egg,397,397,473,463
snap0002-0000001419aagzlfff.png,1280,720,egg,426,339,494,403
snap0002-0000001419aagzlfff.png,1280,720,egg,359,342,421,413
images (62).jpg,190,266,egg,112,136,134,164
images (62).jpg,190,266,egg,126,147,151,173
images (62).jpg,190,266,egg,106,165,134,185
images (62).jpg,190,266,egg,94,151,115,177
images (47).jpg,271,186,egg,84,67,126,99
images (47).jpg,271,186,egg,98,93,138,127
images (47).jpg,271,186,egg,124,71,166,101
images (47).jpg,271,186,egg,135,94,172,131
309034660_a266c36e0a.jpg,500,332,egg,46,143,248,287
309034660_a266c36e0a.jpg,500,332,egg,150,12,327,180
309034660_a266c36e0a.jpg,500,332,egg,233,150,383,315
snap0008-0000007666zlfff.png,1280,720,egg,545,340,618,409
snap0008-0000007666zlfff.png,1280,720,egg,468,422,548,499
snap0008-0000007666zlfff.png,1280,720,egg,490,495,564,567
snap0008-0000007666zlfff.png,1280,720,egg,559,513,625,591
snap0008-0000007666zlfff.png,1280,720,egg,624,527,701,603
snap0008-0000007666zlfff.png,1280,720,egg,651,476,733,540
snap0008-0000007666zlfff.png,1280,720,egg,664,386,729,471
snap0008-0000007666zlfff.png,1280,720,egg,599,383,662,466
snap0008-0000007666zlfff.png,1280,720,egg,533,398,602,471
snap0001-0000000668.png,1280,720,egg,490,268,575,358
snap0001-0000000668.png,1280,720,egg,556,303,664,393
snap0001-0000000668.png,1280,720,egg,620,353,690,430
snap0018-0000015236fff.png,1280,720,egg,460,223,538,309
snap0018-0000015236fff.png,1280,720,egg,533,192,607,275
snap0018-0000015236fff.png,1280,720,egg,524,282,612,352
snap0018-0000015236fff.png,1280,720,egg,506,346,583,430
snap0018-0000015236fff.png,1280,720,egg,433,309,527,376
5814320810_82be13a6fe_n.jpg,320,213,egg,35,75,132,149
5814320810_82be13a6fe_n.jpg,320,213,egg,60,145,152,213
5814320810_82be13a6fe_n.jpg,320,213,egg,149,157,246,213
5814320810_82be13a6fe_n.jpg,320,213,egg,211,86,297,186
5814320810_82be13a6fe_n.jpg,320,213,egg,131,77,214,167
snap0002-0000001419ffffgzlfff.png,1280,720,egg,365,248,428,322
snap0002-0000001419ffffgzlfff.png,1280,720,egg,413,281,485,350
snap0002-0000001419ffffgzlfff.png,1280,720,egg,470,262,541,335
snap0002-0000001419ffffgzlfff.png,1280,720,egg,486,343,560,413
snap0002-0000001419ffffgzlfff.png,1280,720,egg,416,352,493,415
snap0002-0000001419ffffgzlfff.png,1280,720,egg,352,323,415,397
snap0002-0000001419ffffgzlfff.png,1280,720,egg,366,395,453,457
snap0002-0000001419ffffgzlfff.png,1280,720,egg,453,408,538,465
images (15).jpg,272,186,egg,84,58,120,102
images (15).jpg,272,186,egg,117,44,170,88
images (15).jpg,272,186,egg,111,86,155,120
images (15).jpg,272,186,egg,77,93,118,139
images (15).jpg,272,186,egg,110,112,171,157
images (15).jpg,272,186,egg,156,82,196,130
images (61).jpg,276,182,egg,111,77,143,108
images (61).jpg,276,182,egg,128,103,163,131
images (61).jpg,276,182,egg,139,54,203,108
14056863596_21eaf0b7c4.jpg,500,331,egg,108,123,240,252
14056863596_21eaf0b7c4.jpg,500,331,egg,219,144,337,289
snap0002-0000001920gzlfff.png,1280,720,egg,382,264,448,336
snap0002-0000001920gzlfff.png,1280,720,egg,449,247,519,330
snap0002-0000001920gzlfff.png,1280,720,egg,492,313,565,383
snap0002-0000001920gzlfff.png,1280,720,egg,422,319,502,393
snap0002-0000001920gzlfff.png,1280,720,egg,440,390,508,456
snap0002-0000001920gzlfff.png,1280,720,egg,371,376,438,455
snap0002-0000001920gzlfff.png,1280,720,egg,341,326,416,393
snap0005-0000004082llgzlfff.png,1280,720,egg,336,361,411,418
snap0005-0000004082llgzlfff.png,1280,720,egg,396,326,457,384
snap0005-0000004082llgzlfff.png,1280,720,egg,334,298,406,374
snap0005-0000004082llgzlfff.png,1280,720,egg,392,256,458,325
snap0027-0000024152.png,1280,720,egg,497,240,612,328
snap0027-0000024152.png,1280,720,egg,610,214,719,304
snap0027-0000024152.png,1280,720,egg,679,281,771,371
snap0027-0000024152.png,1280,720,egg,635,366,735,447
snap0027-0000024152.png,1280,720,egg,563,430,679,520
snap0027-0000024152.png,1280,720,egg,538,360,635,452
snap0027-0000024152.png,1280,720,egg,461,327,566,413
34571388946_53d01c858a_m.jpg,240,240,egg,29,81,88,142
34571388946_53d01c858a_m.jpg,240,240,egg,68,121,136,171
snap0013-0000011034sadfgzlfff.png,1280,720,egg,371,275,441,354
snap0013-0000011034sadfgzlfff.png,1280,720,egg,407,230,506,292
snap0013-0000011034sadfgzlfff.png,1280,720,egg,439,285,520,343
snap0013-0000011034sadfgzlfff.png,1280,720,egg,501,325,562,401
snap0013-0000011034sadfgzlfff.png,1280,720,egg,469,388,528,461
snap0013-0000011034sadfgzlfff.png,1280,720,egg,421,344,496,399
snap0013-0000011034sadfgzlfff.png,1280,720,egg,397,395,479,473
snap0013-0000011034sadfgzlfff.png,1280,720,egg,361,343,423,413
6051566592_f79dcc6241_m.jpg,240,213,egg,84,70,137,115
6051566592_f79dcc6241_m.jpg,240,213,egg,122,78,170,131
6540357919_2911abd760_n.jpg,320,240,egg,93,92,142,130
6540357919_2911abd760_n.jpg,320,240,egg,77,117,120,165
6540357919_2911abd760_n.jpg,320,240,egg,120,125,157,172
snap0003-0000002282fff.png,1280,720,egg,448,255,540,330
snap0003-0000002282fff.png,1280,720,egg,536,224,610,313
snap0003-0000002282fff.png,1280,720,egg,610,239,694,324
snap0003-0000002282fff.png,1280,720,egg,561,302,638,392
snap0003-0000002282fff.png,1280,720,egg,467,325,561,401
10395669563_a90d62809b.jpg,500,332,egg,179,155,375,332
10395669563_a90d62809b.jpg,500,332,egg,229,31,395,169
10395669563_a90d62809b.jpg,500,332,egg,86,109,247,267
16789349558_fc066e3f07_m.jpg,240,218,egg,96,65,129,97
16789349558_fc066e3f07_m.jpg,240,218,egg,78,88,109,127
16789349558_fc066e3f07_m.jpg,240,218,egg,115,101,151,136
snap0003-0000002317fff.png,1280,720,egg,498,179,590,255
snap0003-0000002317fff.png,1280,720,egg,569,233,648,311
snap0003-0000002317fff.png,1280,720,egg,495,256,581,330
snap0003-0000002317fff.png,1280,720,egg,423,255,497,351
snap0003-0000002317fff.png,1280,720,egg,473,323,553,399
images (21).jpg,232,217,egg,67,74,122,129
images (21).jpg,232,217,egg,116,87,170,136
15463267243_ddc7fc96e5_n.jpg,320,240,egg,103,82,174,132
15463267243_ddc7fc96e5_n.jpg,320,240,egg,144,108,227,169
images (25).jpg,208,243,egg,104,98,135,129
images (25).jpg,208,243,egg,80,125,117,155
images (25).jpg,208,243,egg,79,97,106,118
images (71).jpg,259,194,egg,76,73,121,126
images (71).jpg,259,194,egg,112,42,156,82
images (71).jpg,259,194,egg,156,63,191,114
images (71).jpg,259,194,egg,121,100,169,141
4629615723_17a753275f_n.jpg,320,240,egg,34,47,102,123
4629615723_17a753275f_n.jpg,320,240,egg,98,50,169,133
4629615723_17a753275f_n.jpg,320,240,egg,149,79,226,162
4629615723_17a753275f_n.jpg,320,240,egg,106,151,188,223
4629615723_17a753275f_n.jpg,320,240,egg,38,122,129,192
4984102606_3372cc5164_n.jpg,320,240,egg,135,79,178,128
4984102606_3372cc5164_n.jpg,320,240,egg,128,128,164,163
4984102606_3372cc5164_n.jpg,320,240,egg,162,113,203,162
21712774125_8c22ca6665_m.jpg,159,240,egg,73,47,110,91
images (84).jpg,259,194,egg,95,69,127,111
images (84).jpg,259,194,egg,99,104,137,143
images (84).jpg,259,194,egg,126,71,161,107
images (84).jpg,259,194,egg,137,106,175,142
images (42).jpg,205,246,egg,113,83,135,109
snap0005-0000003979lfff.png,1280,720,egg,494,279,575,372
snap0005-0000003979lfff.png,1280,720,egg,561,235,646,326
5518507815_475784b170_n.jpg,320,213,egg,128,74,206,128
images (94).jpg,275,183,egg,109,56,145,97
images (94).jpg,275,183,egg,136,77,171,114
images (94).jpg,275,183,egg,102,95,143,132
images (94).jpg,275,183,egg,76,76,118,111
images (94).jpg,275,183,egg,66,102,104,138
ffsnap0015-0000012768.png,1280,720,egg,411,228,502,288
ffsnap0015-0000012768.png,1280,720,egg,377,272,446,354
ffsnap0015-0000012768.png,1280,720,egg,436,286,524,350
ffsnap0015-0000012768.png,1280,720,egg,497,330,556,393
ffsnap0015-0000012768.png,1280,720,egg,470,386,525,457
ffsnap0015-0000012768.png,1280,720,egg,405,397,472,473
ffsnap0015-0000012768.png,1280,720,egg,425,342,494,411
ffsnap0015-0000012768.png,1280,720,egg,363,340,421,408
snap0001-0000000665.png,1280,720,egg,457,251,555,358
snap0001-0000000665.png,1280,720,egg,551,230,638,319
snap0001-0000000665.png,1280,720,egg,639,207,722,300
snap0001-0000000665.png,1280,720,egg,678,279,771,373
snap0001-0000000665.png,1280,720,egg,601,297,685,392
snap0001-0000000665.png,1280,720,egg,619,378,711,467
snap0001-0000000665.png,1280,720,egg,532,407,622,499
snap0001-0000000665.png,1280,720,egg,508,321,600,411
snap0003-0000002238lfff.png,1280,720,egg,460,210,545,294
snap0003-0000002238lfff.png,1280,720,egg,472,292,556,367
snap0003-0000002238lfff.png,1280,720,egg,519,341,607,425
snap0003-0000002238lfff.png,1280,720,egg,591,280,670,371
snap0003-0000002238lfff.png,1280,720,egg,541,226,619,316
13908795250_907c2d73eb_m.jpg,240,240,egg,91,107,123,155
13908795250_907c2d73eb_m.jpg,240,240,egg,122,93,156,140
13908795250_907c2d73eb_m.jpg,240,240,egg,107,140,149,177
images (55).jpg,259,194,egg,93,73,123,106
images (55).jpg,259,194,egg,117,63,151,87
images (55).jpg,259,194,egg,122,82,154,108
7033220003_a345a4899e_n.jpg,320,240,egg,101,62,187,137
7033220003_a345a4899e_n.jpg,320,240,egg,66,128,146,204
7033220003_a345a4899e_n.jpg,320,240,egg,145,129,222,210
7033220003_a345a4899e_n.jpg,320,240,egg,186,61,262,157
snap0012-0000010635.png,1280,720,egg,535,214,620,310
snap0012-0000010635.png,1280,720,egg,618,228,722,313
snap0012-0000010635.png,1280,720,egg,654,306,744,400
snap0012-0000010635.png,1280,720,egg,511,299,599,390
snap0012-0000010635.png,1280,720,egg,590,288,661,369
snap0012-0000010635.png,1280,720,egg,565,367,647,449
snap0012-0000010635.png,1280,720,egg,478,380,572,469
snap0012-0000010635.png,1280,720,egg,625,400,726,494
snap0010-0000008792lfff.png,1280,720,egg,442,181,532,262
snap0010-0000008792lfff.png,1280,720,egg,447,258,531,340
snap0010-0000008792lfff.png,1280,720,egg,502,313,586,385
snap0010-0000008792lfff.png,1280,720,egg,529,208,605,283
snap0010-0000008792lfff.png,1280,720,egg,572,272,670,348
16975477139_853131f8fd_m.jpg,240,234,egg,119,118,139,146
16975477139_853131f8fd_m.jpg,240,234,egg,138,124,160,154
16975477139_853131f8fd_m.jpg,240,234,egg,123,147,149,171
16975477139_853131f8fd_m.jpg,240,234,egg,102,137,123,166
5475294299_866ae9930d_n.jpg,320,213,egg,109,42,191,107
5475294299_866ae9930d_n.jpg,320,213,egg,78,89,182,154
5475294299_866ae9930d_n.jpg,320,213,egg,178,70,263,140
6987838182_e736f18563_n.jpg,320,242,egg,157,115,202,151
6987838182_e736f18563_n.jpg,320,242,egg,166,148,209,191
6987838182_e736f18563_n.jpg,320,242,egg,197,129,234,179
images (76).jpg,182,276,egg,63,112,97,149
images (76).jpg,182,276,egg,74,142,116,169
images (76).jpg,182,276,egg,95,109,131,149
snap0009-0000007461lfff.png,1280,720,egg,446,180,543,256
snap0009-0000007461lfff.png,1280,720,egg,445,257,529,341
snap0009-0000007461lfff.png,1280,720,egg,502,311,586,384
snap0009-0000007461lfff.png,1280,720,egg,532,203,607,287
snap0009-0000007461lfff.png,1280,720,egg,574,276,667,345
5944165889_97042c4cb2.jpg,500,299,egg,184,53,254,108
5944165889_97042c4cb2.jpg,500,299,egg,247,38,307,100
5944165889_97042c4cb2.jpg,500,299,egg,285,89,344,147
5944165889_97042c4cb2.jpg,500,299,egg,272,131,321,195
5944165889_97042c4cb2.jpg,500,299,egg,259,196,323,259
5944165889_97042c4cb2.jpg,500,299,egg,190,208,260,268
5944165889_97042c4cb2.jpg,500,299,egg,225,159,276,222
5944165889_97042c4cb2.jpg,500,299,egg,235,87,286,160
5944165889_97042c4cb2.jpg,500,299,egg,178,102,240,172
5944165889_97042c4cb2.jpg,500,299,egg,147,163,220,219
5944165889_97042c4cb2.jpg,500,299,egg,126,99,184,174
5670514688_c327e5915e_m.jpg,180,240,egg,61,82,93,118
5670514688_c327e5915e_m.jpg,180,240,egg,51,115,91,149
5670514688_c327e5915e_m.jpg,180,240,egg,49,144,95,183
5670514688_c327e5915e_m.jpg,180,240,egg,90,130,132,166
5670514688_c327e5915e_m.jpg,180,240,egg,87,101,121,136
2514145512_5071895758_m.jpg,240,209,egg,7,97,87,186
2514145512_5071895758_m.jpg,240,209,egg,71,70,156,139
2514145512_5071895758_m.jpg,240,209,egg,75,126,174,195
2514145512_5071895758_m.jpg,240,209,egg,146,61,226,151
images (53).jpg,250,202,egg,71,57,163,140
snap0017-0000014322fff.png,1280,720,egg,462,220,538,308
snap0017-0000014322fff.png,1280,720,egg,535,192,605,274
snap0017-0000014322fff.png,1280,720,egg,525,281,619,349
snap0017-0000014322fff.png,1280,720,egg,506,345,590,436
snap0017-0000014322fff.png,1280,720,egg,440,307,527,375
31042949942_befa39d995_m.jpg,240,240,egg,41,42,109,101
31042949942_befa39d995_m.jpg,240,240,egg,104,71,172,128
31042949942_befa39d995_m.jpg,240,240,egg,166,51,233,116
31042949942_befa39d995_m.jpg,240,240,egg,119,117,188,206
31042949942_befa39d995_m.jpg,240,240,egg,45,142,123,210
31042949942_befa39d995_m.jpg,240,240,egg,5,92,72,153
537819716_823da2658f.jpg,500,335,egg,134,111,251,203
537819716_823da2658f.jpg,500,335,egg,243,132,360,232
498071806_aaea9a2505_m.jpg,159,240,egg,42,113,68,145
498071806_aaea9a2505_m.jpg,159,240,egg,66,112,97,135
498071806_aaea9a2505_m.jpg,159,240,egg,64,136,101,161
snap0003-0000001923zlfff.png,1280,720,egg,489,380,565,460
snap0003-0000001923zlfff.png,1280,720,egg,573,370,646,443
snap0003-0000001923zlfff.png,1280,720,egg,644,385,714,432
snap0003-0000001923zlfff.png,1280,720,egg,540,429,610,499
snap0003-0000001923zlfff.png,1280,720,egg,478,457,550,544
snap0003-0000001923zlfff.png,1280,720,egg,544,501,620,577
images (77).jpg,259,195,egg,102,102,139,126
images (77).jpg,259,195,egg,130,90,159,120
images (77).jpg,259,195,egg,139,114,169,154
images (77).jpg,259,195,egg,103,114,139,148
images (77).jpg,259,195,egg,166,119,197,150
15007652628_7f1dd7921a.jpg,500,333,egg,79,61,188,149
15007652628_7f1dd7921a.jpg,500,333,egg,191,59,305,155
15007652628_7f1dd7921a.jpg,500,333,egg,208,144,323,263
15007652628_7f1dd7921a.jpg,500,333,egg,110,145,215,248
8566820590_ae0ecf0273_m.jpg,240,240,egg,76,80,133,143
8566820590_ae0ecf0273_m.jpg,240,240,egg,107,126,171,187
203626692_a8695362b5_m.jpg,210,240,egg,96,86,130,126
203626692_a8695362b5_m.jpg,210,240,egg,68,104,104,150
203626692_a8695362b5_m.jpg,210,240,egg,95,126,139,161
13881744343_74c94c411f_n.jpg,320,213,egg,29,108,134,182
13881744343_74c94c411f_n.jpg,320,213,egg,1,160,91,213
13881744343_74c94c411f_n.jpg,320,213,egg,93,136,182,213
4781540407_9d3a965f62_n.jpg,320,240,egg,85,40,186,117
4781540407_9d3a965f62_n.jpg,320,240,egg,120,96,212,186
snap0008-0000008074.png,1280,720,egg,488,277,586,363
snap0008-0000008074.png,1280,720,egg,574,242,661,330
snap0008-0000008074.png,1280,720,egg,644,201,735,292
snap0008-0000008074.png,1280,720,egg,667,287,768,372
snap0008-0000008074.png,1280,720,egg,676,366,749,432
snap0008-0000008074.png,1280,720,egg,580,328,677,385
snap0008-0000008074.png,1280,720,egg,502,363,593,450
snap0006-0000004491zlfff.png,1280,720,egg,570,364,647,431
snap0006-0000004491zlfff.png,1280,720,egg,486,384,565,460
snap0006-0000004491zlfff.png,1280,720,egg,542,430,591,500
snap0006-0000004491zlfff.png,1280,720,egg,470,457,550,549
snap0006-0000004491zlfff.png,1280,720,egg,543,498,604,577
snap0002-0000001931zlfff.png,1280,720,egg,503,386,572,444
snap0002-0000001931zlfff.png,1280,720,egg,570,360,641,426
snap0002-0000001931zlfff.png,1280,720,egg,635,406,697,446
snap0006-0000004901.png,1280,720,egg,498,210,606,297
snap0006-0000004901.png,1280,720,egg,481,293,569,397
snap0006-0000004901.png,1280,720,egg,575,430,661,520
snap0006-0000004901.png,1280,720,egg,555,356,633,443
snap0006-0000004901.png,1280,720,egg,562,269,649,362
snap0011-0000009611lfff.png,1280,720,egg,439,197,536,257
snap0011-0000009611lfff.png,1280,720,egg,529,214,602,283
snap0011-0000009611lfff.png,1280,720,egg,573,274,657,348
snap0011-0000009611lfff.png,1280,720,egg,502,311,589,391
snap0011-0000009611lfff.png,1280,720,egg,444,260,535,336
images (36).jpg,236,214,egg,60,62,104,98
images (36).jpg,236,214,egg,122,32,151,67
images (36).jpg,236,214,egg,140,47,179,82
images (36).jpg,236,214,egg,165,62,201,107
images (36).jpg,236,214,egg,147,99,180,134
images (36).jpg,236,214,egg,123,78,168,107
images (36).jpg,236,214,egg,102,60,140,91
images (36).jpg,236,214,egg,85,91,119,122
images (36).jpg,236,214,egg,58,91,86,127
images (36).jpg,236,214,egg,33,115,65,152
images (36).jpg,236,214,egg,68,125,96,161
images (36).jpg,236,214,egg,94,123,130,160
images (36).jpg,236,214,egg,116,103,149,140
images (36).jpg,236,214,egg,136,133,181,165
images (36).jpg,236,214,egg,174,119,214,150
images (36).jpg,236,214,egg,128,157,170,195
images (36).jpg,236,214,egg,84,159,128,196
images (8).jpg,275,183,egg,98,48,194,120
images (82).jpg,262,193,egg,90,59,189,126
4692353139_aa7ccdb616_n.jpg,320,240,egg,137,112,181,163
4692353139_aa7ccdb616_n.jpg,320,240,egg,157,152,209,202
images (41).jpg,259,194,egg,87,47,129,89
images (41).jpg,259,194,egg,70,77,112,118
images (41).jpg,259,194,egg,88,108,127,145
images (41).jpg,259,194,egg,127,105,177,147
images (41).jpg,259,194,egg,111,79,161,119
images (41).jpg,259,194,egg,155,73,200,113
8051959048_ece84596e2_m.jpg,160,240,egg,65,87,94,127
8051959048_ece84596e2_m.jpg,160,240,egg,65,124,102,155
8051959048_ece84596e2_m.jpg,160,240,egg,84,150,116,185
8051959048_ece84596e2_m.jpg,160,240,egg,110,130,139,168
8051959048_ece84596e2_m.jpg,160,240,egg,94,129,114,153
8051959048_ece84596e2_m.jpg,160,240,egg,89,103,125,135
8051959048_ece84596e2_m.jpg,160,240,egg,75,71,108,104
8051959048_ece84596e2_m.jpg,160,240,egg,45,73,74,110
8051959048_ece84596e2_m.jpg,160,240,egg,53,108,80,138
8051959048_ece84596e2_m.jpg,160,240,egg,20,96,55,127
8051959048_ece84596e2_m.jpg,160,240,egg,30,126,63,155
8051959048_ece84596e2_m.jpg,160,240,egg,56,145,84,181
3456722770_0ba8fb9811_m.jpg,240,229,egg,101,71,142,108
3456722770_0ba8fb9811_m.jpg,240,229,egg,117,106,161,142
3456722770_0ba8fb9811_m.jpg,240,229,egg,85,100,118,146
images (86).jpg,238,212,egg,57,73,103,128
images (86).jpg,238,212,egg,75,99,133,146
images (86).jpg,238,212,egg,102,85,153,139
images (86).jpg,238,212,egg,109,136,159,181
images (86).jpg,238,212,egg,62,141,117,194
snap0003-0000002341llgzlfff.png,1280,720,egg,333,298,399,363
snap0003-0000002341llgzlfff.png,1280,720,egg,392,260,460,315
snap0003-0000002341llgzlfff.png,1280,720,egg,402,322,461,378
snap0003-0000002341llgzlfff.png,1280,720,egg,336,369,407,415
